<?xml version="1.0" encoding="UTF-8" ?>
 <!DOCTYPE generatorConfiguration PUBLIC "-//mybatis.org//DTD MyBatis Generator Configuration 1.0//EN" "http://mybatis.org/dtd/mybatis-generator-config_1_0.dtd" >
<generatorConfiguration>
	<!-- <classPathEntry location="C:\mywork\maven\maven-repos\postgresql\postgresql\9.1-901-1.jdbc4\postgresql-9.1-901-1.jdbc4.jar" 
		/> -->
	<!-- 如果驱动在classpath下，例如通过maven依赖进来，则可以不在这里指定驱动位置 -->
	<!-- <classPathEntry location="E:\repository\mysql\mysql-connector-java\5.1.29\mysql-connector-java-5.1.29.jar" 
		/> -->
	<context id="mysql" targetRuntime="MyBatis3" defaultModelType="flat">
		<property name="javaFileEncoding" value="UTF-8" />
		<plugin type="org.mybatis.generator.plugins.SerializablePlugin" />
		<!-- <plugin type="org.mybatis.generator.plugins.ToStringPlugin" /> -->
		<plugin type="com.sohouer.mybatis.gennrator.plugin.GroupByPlugin" />
		<plugin type="com.sohouer.mybatis.gennrator.plugin.MysqlPagingPlugin">
			<property name="page" value="com.sohouer.mybatis.Page"/>
		</plugin>
		<plugin type="com.sohouer.mybatis.gennrator.plugin.CommentPlugin">
			<!-- 制定java bean的作者，默认情况下会读取计算机当前用户作为作者 -->
			<property name="modelClassAuthor" value=" yintengfei ytf@sohouer.com" />
		</plugin>
		<commentGenerator>
			<!-- 不生成原生的注解信息 -->
			<property name="suppressAllComments" value="true" />
			<property name="suppressDate" value="true" />
		</commentGenerator>
		<!-- 数据源配置 -->
		<jdbcConnection driverClass="com.mysql.jdbc.Driver"
			connectionURL="jdbc:mysql://192.168.101.4:3306/sohouer" userId="Sohouer"
			password="Sohouer88" />
		<javaTypeResolver>
			<property name="forceBigDecimals" value="false" />
		</javaTypeResolver>
		<!-- java model 目标地 -->
		<javaModelGenerator targetPackage="com.sohouer.mybatis.bean"
			targetProject="/Users/yin/Desktop/sohouerWork/code/sohouer-framework/sohouer-framework/sohouer-dao/sohouer-mybatis/src/test/java/">
		</javaModelGenerator>
		<!-- xml 目标地 -->
		<sqlMapGenerator targetPackage="com.sohouer.mybatis.mapper"
			targetProject="/Users/yin/Desktop/sohouerWork/code/sohouer-framework/sohouer-framework/sohouer-dao/sohouer-mybatis/src/test/java/" />
		<!-- mapper 目标地 -->
		<javaClientGenerator targetPackage="com.sohouer.mybatis.mapper"
			targetProject="/Users/yin/Desktop/sohouerWork/code/sohouer-framework/sohouer-framework/sohouer-dao/sohouer-mybatis/src/test/java/"
			type="XMLMAPPER" />
		<table tableName="%">
			<generatedKey column="id" sqlStatement="MySql" identity="true"
				type="post" />
		</table>
	</context>
</generatorConfiguration>